mapa,algoritmo,supervivencia_media,supervivencia_std,supervivencia_min,supervivencia_max,despeje_media,despeje_std,despeje_min,despeje_max
map1_bottleneck,A*,100.0,0.0,100.0,100.0,21.0,0.0,21,21
map1_bottleneck,BFS,100.0,0.0,100.0,100.0,21.0,0.0,21,21
map1_bottleneck,DFS,66.81818181818183,20.614069158328693,18.181818181818183,100.0,35.9875,2.748964131717319,30,42
map1_bottleneck,Genético,84.54545454545455,16.197856057255027,27.27272727272727,100.0,37.8375,3.8531386187353656,27,54
map1_bottleneck,Greedy BFS,100.0,0.0,100.0,100.0,21.0,0.0,21,21
map2_maze,A*,50.0,0.0,50.0,50.0,84.1,14.00867723857908,56,118
map2_maze,BFS,50.0,0.0,50.0,50.0,84.1,14.00867723857908,56,118
map2_maze,DFS,50.0,0.0,50.0,50.0,84.1,14.00867723857908,56,118
map2_maze,Genético,50.0,0.0,50.0,50.0,83.6375,22.030613768980075,38,144
map2_maze,Greedy BFS,50.0,0.0,50.0,50.0,84.1,14.00867723857908,56,118
map3_open,A*,100.0,0.0,100.0,100.0,17.0,0.0,17,17
map3_open,BFS,100.0,0.0,100.0,100.0,17.0,0.0,17,17
map3_open,DFS,23.125,15.79887433900741,0.0,62.5,35.7375,16.876126310279446,0,70
map3_open,Genético,77.65625,17.97653071773221,25.0,100.0,34.5,2.737457010817877,28,42
map3_open,Greedy BFS,100.0,0.0,100.0,100.0,17.0,0.0,17,17
